"X:/UIUC/CS 598/ml4se/data/functions/py/100.py","X:/UIUC/CS 598/ml4se/data/functions/py/100.py:178","X:/UIUC/CS 598/ml4se/data/functions/py/100.py:183","X:/UIUC/CS 598/ml4se/data/functions/py/100.py:196"
"X:/UIUC/CS 598/ml4se/data/functions/py/83.py","X:/UIUC/CS 598/ml4se/data/functions/py/83.py:32","X:/UIUC/CS 598/ml4se/data/functions/py/83.py:38","X:/UIUC/CS 598/ml4se/data/functions/py/83.py:52"
"X:/UIUC/CS 598/ml4se/data/functions/py/83.py","X:/UIUC/CS 598/ml4se/data/functions/py/83.py:38","X:/UIUC/CS 598/ml4se/data/functions/py/83.py:48","X:/UIUC/CS 598/ml4se/data/functions/py/83.py:52"
"X:/UIUC/CS 598/ml4se/data/functions/py/18.py","X:/UIUC/CS 598/ml4se/data/functions/py/18.py:15","X:/UIUC/CS 598/ml4se/data/functions/py/18.py:17","X:/UIUC/CS 598/ml4se/data/functions/py/18.py:21"
"X:/UIUC/CS 598/ml4se/data/functions/py/18.py","X:/UIUC/CS 598/ml4se/data/functions/py/18.py:17","X:/UIUC/CS 598/ml4se/data/functions/py/18.py:19","X:/UIUC/CS 598/ml4se/data/functions/py/18.py:21"
"X:/UIUC/CS 598/ml4se/data/functions/py/4.py","X:/UIUC/CS 598/ml4se/data/functions/py/4.py:15","X:/UIUC/CS 598/ml4se/data/functions/py/4.py:17","X:/UIUC/CS 598/ml4se/data/functions/py/4.py:17"
"X:/UIUC/CS 598/ml4se/data/functions/py/15.py","X:/UIUC/CS 598/ml4se/data/functions/py/15.py:32","X:/UIUC/CS 598/ml4se/data/functions/py/15.py:34","X:/UIUC/CS 598/ml4se/data/functions/py/15.py:34"
"X:/UIUC/CS 598/ml4se/data/functions/py/5.py","X:/UIUC/CS 598/ml4se/data/functions/py/5.py:40","X:/UIUC/CS 598/ml4se/data/functions/py/5.py:43","X:/UIUC/CS 598/ml4se/data/functions/py/5.py:47"
"X:/UIUC/CS 598/ml4se/data/functions/py/5.py","X:/UIUC/CS 598/ml4se/data/functions/py/5.py:43","X:/UIUC/CS 598/ml4se/data/functions/py/5.py:47","X:/UIUC/CS 598/ml4se/data/functions/py/5.py:47"
"X:/UIUC/CS 598/ml4se/data/functions/py/36.py","X:/UIUC/CS 598/ml4se/data/functions/py/36.py:65","X:/UIUC/CS 598/ml4se/data/functions/py/36.py:67","X:/UIUC/CS 598/ml4se/data/functions/py/36.py:70"
