"X:/UIUC/CS 598/ml4se/data/functions/py/69.py","X:/UIUC/CS 598/ml4se/data/functions/py/69.py:25","X:/UIUC/CS 598/ml4se/data/functions/py/69.py:31","X:/UIUC/CS 598/ml4se/data/functions/py/69.py:31"
"X:/UIUC/CS 598/ml4se/data/functions/py/7.py","X:/UIUC/CS 598/ml4se/data/functions/py/7.py:21","X:/UIUC/CS 598/ml4se/data/functions/py/7.py:23","X:/UIUC/CS 598/ml4se/data/functions/py/7.py:24"
"X:/UIUC/CS 598/ml4se/data/functions/py/7.py","X:/UIUC/CS 598/ml4se/data/functions/py/7.py:21","X:/UIUC/CS 598/ml4se/data/functions/py/7.py:24","X:/UIUC/CS 598/ml4se/data/functions/py/7.py:24"
"X:/UIUC/CS 598/ml4se/data/functions/py/100.py","X:/UIUC/CS 598/ml4se/data/functions/py/100.py:117","X:/UIUC/CS 598/ml4se/data/functions/py/100.py:119","X:/UIUC/CS 598/ml4se/data/functions/py/100.py:120"
"X:/UIUC/CS 598/ml4se/data/functions/py/100.py","X:/UIUC/CS 598/ml4se/data/functions/py/100.py:117","X:/UIUC/CS 598/ml4se/data/functions/py/100.py:120","X:/UIUC/CS 598/ml4se/data/functions/py/100.py:120"
"X:/UIUC/CS 598/ml4se/data/functions/py/100.py","X:/UIUC/CS 598/ml4se/data/functions/py/100.py:126","X:/UIUC/CS 598/ml4se/data/functions/py/100.py:128","X:/UIUC/CS 598/ml4se/data/functions/py/100.py:129"
"X:/UIUC/CS 598/ml4se/data/functions/py/100.py","X:/UIUC/CS 598/ml4se/data/functions/py/100.py:126","X:/UIUC/CS 598/ml4se/data/functions/py/100.py:129","X:/UIUC/CS 598/ml4se/data/functions/py/100.py:129"
"X:/UIUC/CS 598/ml4se/data/functions/py/100.py","X:/UIUC/CS 598/ml4se/data/functions/py/100.py:135","X:/UIUC/CS 598/ml4se/data/functions/py/100.py:137","X:/UIUC/CS 598/ml4se/data/functions/py/100.py:138"
"X:/UIUC/CS 598/ml4se/data/functions/py/100.py","X:/UIUC/CS 598/ml4se/data/functions/py/100.py:135","X:/UIUC/CS 598/ml4se/data/functions/py/100.py:138","X:/UIUC/CS 598/ml4se/data/functions/py/100.py:138"
"X:/UIUC/CS 598/ml4se/data/functions/py/100.py","X:/UIUC/CS 598/ml4se/data/functions/py/100.py:144","X:/UIUC/CS 598/ml4se/data/functions/py/100.py:146","X:/UIUC/CS 598/ml4se/data/functions/py/100.py:147"
"X:/UIUC/CS 598/ml4se/data/functions/py/100.py","X:/UIUC/CS 598/ml4se/data/functions/py/100.py:144","X:/UIUC/CS 598/ml4se/data/functions/py/100.py:147","X:/UIUC/CS 598/ml4se/data/functions/py/100.py:147"
"X:/UIUC/CS 598/ml4se/data/functions/py/100.py","X:/UIUC/CS 598/ml4se/data/functions/py/100.py:160","X:/UIUC/CS 598/ml4se/data/functions/py/100.py:166","X:/UIUC/CS 598/ml4se/data/functions/py/100.py:172"
"X:/UIUC/CS 598/ml4se/data/functions/py/100.py","X:/UIUC/CS 598/ml4se/data/functions/py/100.py:160","X:/UIUC/CS 598/ml4se/data/functions/py/100.py:167","X:/UIUC/CS 598/ml4se/data/functions/py/100.py:172"
"X:/UIUC/CS 598/ml4se/data/functions/py/100.py","X:/UIUC/CS 598/ml4se/data/functions/py/100.py:160","X:/UIUC/CS 598/ml4se/data/functions/py/100.py:168","X:/UIUC/CS 598/ml4se/data/functions/py/100.py:172"
"X:/UIUC/CS 598/ml4se/data/functions/py/100.py","X:/UIUC/CS 598/ml4se/data/functions/py/100.py:169","X:/UIUC/CS 598/ml4se/data/functions/py/100.py:171","X:/UIUC/CS 598/ml4se/data/functions/py/100.py:172"
"X:/UIUC/CS 598/ml4se/data/functions/py/100.py","X:/UIUC/CS 598/ml4se/data/functions/py/100.py:169","X:/UIUC/CS 598/ml4se/data/functions/py/100.py:172","X:/UIUC/CS 598/ml4se/data/functions/py/100.py:172"
"X:/UIUC/CS 598/ml4se/data/functions/py/100.py","X:/UIUC/CS 598/ml4se/data/functions/py/100.py:178","X:/UIUC/CS 598/ml4se/data/functions/py/100.py:182","X:/UIUC/CS 598/ml4se/data/functions/py/100.py:196"
"X:/UIUC/CS 598/ml4se/data/functions/py/100.py","X:/UIUC/CS 598/ml4se/data/functions/py/100.py:183","X:/UIUC/CS 598/ml4se/data/functions/py/100.py:188","X:/UIUC/CS 598/ml4se/data/functions/py/100.py:196"
"X:/UIUC/CS 598/ml4se/data/functions/py/100.py","X:/UIUC/CS 598/ml4se/data/functions/py/100.py:183","X:/UIUC/CS 598/ml4se/data/functions/py/100.py:190","X:/UIUC/CS 598/ml4se/data/functions/py/100.py:196"
"X:/UIUC/CS 598/ml4se/data/functions/py/100.py","X:/UIUC/CS 598/ml4se/data/functions/py/100.py:183","X:/UIUC/CS 598/ml4se/data/functions/py/100.py:191","X:/UIUC/CS 598/ml4se/data/functions/py/100.py:196"
"X:/UIUC/CS 598/ml4se/data/functions/py/100.py","X:/UIUC/CS 598/ml4se/data/functions/py/100.py:183","X:/UIUC/CS 598/ml4se/data/functions/py/100.py:192","X:/UIUC/CS 598/ml4se/data/functions/py/100.py:196"
"X:/UIUC/CS 598/ml4se/data/functions/py/100.py","X:/UIUC/CS 598/ml4se/data/functions/py/100.py:193","X:/UIUC/CS 598/ml4se/data/functions/py/100.py:195","X:/UIUC/CS 598/ml4se/data/functions/py/100.py:196"
"X:/UIUC/CS 598/ml4se/data/functions/py/100.py","X:/UIUC/CS 598/ml4se/data/functions/py/100.py:193","X:/UIUC/CS 598/ml4se/data/functions/py/100.py:196","X:/UIUC/CS 598/ml4se/data/functions/py/100.py:196"
"X:/UIUC/CS 598/ml4se/data/functions/py/100.py","X:/UIUC/CS 598/ml4se/data/functions/py/100.py:209","X:/UIUC/CS 598/ml4se/data/functions/py/100.py:221","X:/UIUC/CS 598/ml4se/data/functions/py/100.py:235"
"X:/UIUC/CS 598/ml4se/data/functions/py/100.py","X:/UIUC/CS 598/ml4se/data/functions/py/100.py:223","X:/UIUC/CS 598/ml4se/data/functions/py/100.py:235","X:/UIUC/CS 598/ml4se/data/functions/py/100.py:235"
"X:/UIUC/CS 598/ml4se/data/functions/py/58.py","X:/UIUC/CS 598/ml4se/data/functions/py/58.py:12","X:/UIUC/CS 598/ml4se/data/functions/py/58.py:14","X:/UIUC/CS 598/ml4se/data/functions/py/58.py:14"
"X:/UIUC/CS 598/ml4se/data/functions/py/82.py","X:/UIUC/CS 598/ml4se/data/functions/py/82.py:43","X:/UIUC/CS 598/ml4se/data/functions/py/82.py:47","X:/UIUC/CS 598/ml4se/data/functions/py/82.py:48"
"X:/UIUC/CS 598/ml4se/data/functions/py/82.py","X:/UIUC/CS 598/ml4se/data/functions/py/82.py:43","X:/UIUC/CS 598/ml4se/data/functions/py/82.py:48","X:/UIUC/CS 598/ml4se/data/functions/py/82.py:48"
"X:/UIUC/CS 598/ml4se/data/functions/py/82.py","X:/UIUC/CS 598/ml4se/data/functions/py/82.py:84","X:/UIUC/CS 598/ml4se/data/functions/py/82.py:97","X:/UIUC/CS 598/ml4se/data/functions/py/82.py:100"
"X:/UIUC/CS 598/ml4se/data/functions/py/83.py","X:/UIUC/CS 598/ml4se/data/functions/py/83.py:32","X:/UIUC/CS 598/ml4se/data/functions/py/83.py:37","X:/UIUC/CS 598/ml4se/data/functions/py/83.py:52"
"X:/UIUC/CS 598/ml4se/data/functions/py/83.py","X:/UIUC/CS 598/ml4se/data/functions/py/83.py:38","X:/UIUC/CS 598/ml4se/data/functions/py/83.py:43","X:/UIUC/CS 598/ml4se/data/functions/py/83.py:52"
"X:/UIUC/CS 598/ml4se/data/functions/py/83.py","X:/UIUC/CS 598/ml4se/data/functions/py/83.py:48","X:/UIUC/CS 598/ml4se/data/functions/py/83.py:52","X:/UIUC/CS 598/ml4se/data/functions/py/83.py:52"
"X:/UIUC/CS 598/ml4se/data/functions/py/61.py","X:/UIUC/CS 598/ml4se/data/functions/py/61.py:6","X:/UIUC/CS 598/ml4se/data/functions/py/61.py:11","X:/UIUC/CS 598/ml4se/data/functions/py/61.py:11"
"X:/UIUC/CS 598/ml4se/data/functions/py/10.py","X:/UIUC/CS 598/ml4se/data/functions/py/10.py:27","X:/UIUC/CS 598/ml4se/data/functions/py/10.py:39","X:/UIUC/CS 598/ml4se/data/functions/py/10.py:40"
"X:/UIUC/CS 598/ml4se/data/functions/py/10.py","X:/UIUC/CS 598/ml4se/data/functions/py/10.py:27","X:/UIUC/CS 598/ml4se/data/functions/py/10.py:40","X:/UIUC/CS 598/ml4se/data/functions/py/10.py:40"
"X:/UIUC/CS 598/ml4se/data/functions/py/14.py","X:/UIUC/CS 598/ml4se/data/functions/py/14.py:21","X:/UIUC/CS 598/ml4se/data/functions/py/14.py:26","X:/UIUC/CS 598/ml4se/data/functions/py/14.py:26"
"X:/UIUC/CS 598/ml4se/data/functions/py/14.py","X:/UIUC/CS 598/ml4se/data/functions/py/14.py:21","X:/UIUC/CS 598/ml4se/data/functions/py/14.py:25","X:/UIUC/CS 598/ml4se/data/functions/py/14.py:26"
"X:/UIUC/CS 598/ml4se/data/functions/py/18.py","X:/UIUC/CS 598/ml4se/data/functions/py/18.py:15","X:/UIUC/CS 598/ml4se/data/functions/py/18.py:16","X:/UIUC/CS 598/ml4se/data/functions/py/18.py:21"
"X:/UIUC/CS 598/ml4se/data/functions/py/18.py","X:/UIUC/CS 598/ml4se/data/functions/py/18.py:17","X:/UIUC/CS 598/ml4se/data/functions/py/18.py:18","X:/UIUC/CS 598/ml4se/data/functions/py/18.py:21"
"X:/UIUC/CS 598/ml4se/data/functions/py/18.py","X:/UIUC/CS 598/ml4se/data/functions/py/18.py:19","X:/UIUC/CS 598/ml4se/data/functions/py/18.py:21","X:/UIUC/CS 598/ml4se/data/functions/py/18.py:21"
"X:/UIUC/CS 598/ml4se/data/functions/py/68.py","X:/UIUC/CS 598/ml4se/data/functions/py/68.py:27","X:/UIUC/CS 598/ml4se/data/functions/py/68.py:31","X:/UIUC/CS 598/ml4se/data/functions/py/68.py:31"
"X:/UIUC/CS 598/ml4se/data/functions/py/55.py","X:/UIUC/CS 598/ml4se/data/functions/py/55.py:17","X:/UIUC/CS 598/ml4se/data/functions/py/55.py:19","X:/UIUC/CS 598/ml4se/data/functions/py/55.py:19"
"X:/UIUC/CS 598/ml4se/data/functions/py/46.py","X:/UIUC/CS 598/ml4se/data/functions/py/46.py:10","X:/UIUC/CS 598/ml4se/data/functions/py/46.py:15","X:/UIUC/CS 598/ml4se/data/functions/py/46.py:18"
"X:/UIUC/CS 598/ml4se/data/functions/py/46.py","X:/UIUC/CS 598/ml4se/data/functions/py/46.py:10","X:/UIUC/CS 598/ml4se/data/functions/py/46.py:16","X:/UIUC/CS 598/ml4se/data/functions/py/46.py:18"
"X:/UIUC/CS 598/ml4se/data/functions/py/46.py","X:/UIUC/CS 598/ml4se/data/functions/py/46.py:10","X:/UIUC/CS 598/ml4se/data/functions/py/46.py:18","X:/UIUC/CS 598/ml4se/data/functions/py/46.py:18"
"X:/UIUC/CS 598/ml4se/data/functions/py/23.py","X:/UIUC/CS 598/ml4se/data/functions/py/23.py:28","X:/UIUC/CS 598/ml4se/data/functions/py/23.py:32","X:/UIUC/CS 598/ml4se/data/functions/py/23.py:34"
"X:/UIUC/CS 598/ml4se/data/functions/py/23.py","X:/UIUC/CS 598/ml4se/data/functions/py/23.py:28","X:/UIUC/CS 598/ml4se/data/functions/py/23.py:33","X:/UIUC/CS 598/ml4se/data/functions/py/23.py:34"
"X:/UIUC/CS 598/ml4se/data/functions/py/23.py","X:/UIUC/CS 598/ml4se/data/functions/py/23.py:28","X:/UIUC/CS 598/ml4se/data/functions/py/23.py:34","X:/UIUC/CS 598/ml4se/data/functions/py/23.py:34"
"X:/UIUC/CS 598/ml4se/data/functions/py/4.py","X:/UIUC/CS 598/ml4se/data/functions/py/4.py:15","X:/UIUC/CS 598/ml4se/data/functions/py/4.py:16","X:/UIUC/CS 598/ml4se/data/functions/py/4.py:17"
"X:/UIUC/CS 598/ml4se/data/functions/py/44.py","X:/UIUC/CS 598/ml4se/data/functions/py/44.py:17","X:/UIUC/CS 598/ml4se/data/functions/py/44.py:35","X:/UIUC/CS 598/ml4se/data/functions/py/44.py:37"
"X:/UIUC/CS 598/ml4se/data/functions/py/44.py","X:/UIUC/CS 598/ml4se/data/functions/py/44.py:17","X:/UIUC/CS 598/ml4se/data/functions/py/44.py:37","X:/UIUC/CS 598/ml4se/data/functions/py/44.py:37"
"X:/UIUC/CS 598/ml4se/data/functions/py/44.py","X:/UIUC/CS 598/ml4se/data/functions/py/44.py:17","X:/UIUC/CS 598/ml4se/data/functions/py/44.py:29","X:/UIUC/CS 598/ml4se/data/functions/py/44.py:37"
"X:/UIUC/CS 598/ml4se/data/functions/py/11.py","X:/UIUC/CS 598/ml4se/data/functions/py/11.py:26","X:/UIUC/CS 598/ml4se/data/functions/py/11.py:32","X:/UIUC/CS 598/ml4se/data/functions/py/11.py:35"
"X:/UIUC/CS 598/ml4se/data/functions/py/15.py","X:/UIUC/CS 598/ml4se/data/functions/py/15.py:32","X:/UIUC/CS 598/ml4se/data/functions/py/15.py:33","X:/UIUC/CS 598/ml4se/data/functions/py/15.py:34"
"X:/UIUC/CS 598/ml4se/data/functions/py/19.py","X:/UIUC/CS 598/ml4se/data/functions/py/19.py:43","X:/UIUC/CS 598/ml4se/data/functions/py/19.py:45","X:/UIUC/CS 598/ml4se/data/functions/py/19.py:45"
"X:/UIUC/CS 598/ml4se/data/functions/py/45.py","X:/UIUC/CS 598/ml4se/data/functions/py/45.py:489","X:/UIUC/CS 598/ml4se/data/functions/py/45.py:493","X:/UIUC/CS 598/ml4se/data/functions/py/45.py:501"
"X:/UIUC/CS 598/ml4se/data/functions/py/45.py","X:/UIUC/CS 598/ml4se/data/functions/py/45.py:489","X:/UIUC/CS 598/ml4se/data/functions/py/45.py:495","X:/UIUC/CS 598/ml4se/data/functions/py/45.py:501"
"X:/UIUC/CS 598/ml4se/data/functions/py/45.py","X:/UIUC/CS 598/ml4se/data/functions/py/45.py:489","X:/UIUC/CS 598/ml4se/data/functions/py/45.py:499","X:/UIUC/CS 598/ml4se/data/functions/py/45.py:501"
"X:/UIUC/CS 598/ml4se/data/functions/py/45.py","X:/UIUC/CS 598/ml4se/data/functions/py/45.py:15","X:/UIUC/CS 598/ml4se/data/functions/py/45.py:33","X:/UIUC/CS 598/ml4se/data/functions/py/45.py:39"
"X:/UIUC/CS 598/ml4se/data/functions/py/45.py","X:/UIUC/CS 598/ml4se/data/functions/py/45.py:15","X:/UIUC/CS 598/ml4se/data/functions/py/45.py:35","X:/UIUC/CS 598/ml4se/data/functions/py/45.py:39"
"X:/UIUC/CS 598/ml4se/data/functions/py/45.py","X:/UIUC/CS 598/ml4se/data/functions/py/45.py:15","X:/UIUC/CS 598/ml4se/data/functions/py/45.py:37","X:/UIUC/CS 598/ml4se/data/functions/py/45.py:39"
"X:/UIUC/CS 598/ml4se/data/functions/py/45.py","X:/UIUC/CS 598/ml4se/data/functions/py/45.py:15","X:/UIUC/CS 598/ml4se/data/functions/py/45.py:19","X:/UIUC/CS 598/ml4se/data/functions/py/45.py:39"
"X:/UIUC/CS 598/ml4se/data/functions/py/45.py","X:/UIUC/CS 598/ml4se/data/functions/py/45.py:15","X:/UIUC/CS 598/ml4se/data/functions/py/45.py:27","X:/UIUC/CS 598/ml4se/data/functions/py/45.py:39"
"X:/UIUC/CS 598/ml4se/data/functions/py/45.py","X:/UIUC/CS 598/ml4se/data/functions/py/45.py:15","X:/UIUC/CS 598/ml4se/data/functions/py/45.py:39","X:/UIUC/CS 598/ml4se/data/functions/py/45.py:39"
"X:/UIUC/CS 598/ml4se/data/functions/py/20.py","X:/UIUC/CS 598/ml4se/data/functions/py/20.py:14","X:/UIUC/CS 598/ml4se/data/functions/py/20.py:16","X:/UIUC/CS 598/ml4se/data/functions/py/20.py:16"
"X:/UIUC/CS 598/ml4se/data/functions/py/29.py","X:/UIUC/CS 598/ml4se/data/functions/py/29.py:3","X:/UIUC/CS 598/ml4se/data/functions/py/29.py:4","X:/UIUC/CS 598/ml4se/data/functions/py/29.py:4"
"X:/UIUC/CS 598/ml4se/data/functions/py/5.py","X:/UIUC/CS 598/ml4se/data/functions/py/5.py:40","X:/UIUC/CS 598/ml4se/data/functions/py/5.py:42","X:/UIUC/CS 598/ml4se/data/functions/py/5.py:47"
"X:/UIUC/CS 598/ml4se/data/functions/py/5.py","X:/UIUC/CS 598/ml4se/data/functions/py/5.py:43","X:/UIUC/CS 598/ml4se/data/functions/py/5.py:46","X:/UIUC/CS 598/ml4se/data/functions/py/5.py:47"
"X:/UIUC/CS 598/ml4se/data/functions/py/5.py","X:/UIUC/CS 598/ml4se/data/functions/py/5.py:63","X:/UIUC/CS 598/ml4se/data/functions/py/5.py:66","X:/UIUC/CS 598/ml4se/data/functions/py/5.py:66"
"X:/UIUC/CS 598/ml4se/data/functions/py/50.py","X:/UIUC/CS 598/ml4se/data/functions/py/50.py:18","X:/UIUC/CS 598/ml4se/data/functions/py/50.py:20","X:/UIUC/CS 598/ml4se/data/functions/py/50.py:24"
"X:/UIUC/CS 598/ml4se/data/functions/py/50.py","X:/UIUC/CS 598/ml4se/data/functions/py/50.py:18","X:/UIUC/CS 598/ml4se/data/functions/py/50.py:24","X:/UIUC/CS 598/ml4se/data/functions/py/50.py:24"
"X:/UIUC/CS 598/ml4se/data/functions/py/73.py","X:/UIUC/CS 598/ml4se/data/functions/py/73.py:18","X:/UIUC/CS 598/ml4se/data/functions/py/73.py:20","X:/UIUC/CS 598/ml4se/data/functions/py/73.py:20"
"X:/UIUC/CS 598/ml4se/data/functions/py/73.py","X:/UIUC/CS 598/ml4se/data/functions/py/73.py:14","X:/UIUC/CS 598/ml4se/data/functions/py/73.py:22","X:/UIUC/CS 598/ml4se/data/functions/py/73.py:22"
"X:/UIUC/CS 598/ml4se/data/functions/py/3.py","X:/UIUC/CS 598/ml4se/data/functions/py/3.py:23","X:/UIUC/CS 598/ml4se/data/functions/py/3.py:25","X:/UIUC/CS 598/ml4se/data/functions/py/3.py:25"
"X:/UIUC/CS 598/ml4se/data/functions/py/39.py","X:/UIUC/CS 598/ml4se/data/functions/py/39.py:20","X:/UIUC/CS 598/ml4se/data/functions/py/39.py:22","X:/UIUC/CS 598/ml4se/data/functions/py/39.py:23"
"X:/UIUC/CS 598/ml4se/data/functions/py/39.py","X:/UIUC/CS 598/ml4se/data/functions/py/39.py:20","X:/UIUC/CS 598/ml4se/data/functions/py/39.py:23","X:/UIUC/CS 598/ml4se/data/functions/py/39.py:23"
"X:/UIUC/CS 598/ml4se/data/functions/py/97.py","X:/UIUC/CS 598/ml4se/data/functions/py/97.py:34","X:/UIUC/CS 598/ml4se/data/functions/py/97.py:36","X:/UIUC/CS 598/ml4se/data/functions/py/97.py:36"
"X:/UIUC/CS 598/ml4se/data/functions/py/97.py","X:/UIUC/CS 598/ml4se/data/functions/py/97.py:33","X:/UIUC/CS 598/ml4se/data/functions/py/97.py:52","X:/UIUC/CS 598/ml4se/data/functions/py/97.py:59"
"X:/UIUC/CS 598/ml4se/data/functions/py/97.py","X:/UIUC/CS 598/ml4se/data/functions/py/97.py:33","X:/UIUC/CS 598/ml4se/data/functions/py/97.py:50","X:/UIUC/CS 598/ml4se/data/functions/py/97.py:59"
"X:/UIUC/CS 598/ml4se/data/functions/py/97.py","X:/UIUC/CS 598/ml4se/data/functions/py/97.py:33","X:/UIUC/CS 598/ml4se/data/functions/py/97.py:53","X:/UIUC/CS 598/ml4se/data/functions/py/97.py:59"
"X:/UIUC/CS 598/ml4se/data/functions/py/57.py","X:/UIUC/CS 598/ml4se/data/functions/py/57.py:22","X:/UIUC/CS 598/ml4se/data/functions/py/57.py:27","X:/UIUC/CS 598/ml4se/data/functions/py/57.py:27"
"X:/UIUC/CS 598/ml4se/data/functions/py/91.py","X:/UIUC/CS 598/ml4se/data/functions/py/91.py:24","X:/UIUC/CS 598/ml4se/data/functions/py/91.py:26","X:/UIUC/CS 598/ml4se/data/functions/py/91.py:27"
"X:/UIUC/CS 598/ml4se/data/functions/py/91.py","X:/UIUC/CS 598/ml4se/data/functions/py/91.py:24","X:/UIUC/CS 598/ml4se/data/functions/py/91.py:27","X:/UIUC/CS 598/ml4se/data/functions/py/91.py:27"
"X:/UIUC/CS 598/ml4se/data/functions/py/36.py","X:/UIUC/CS 598/ml4se/data/functions/py/36.py:65","X:/UIUC/CS 598/ml4se/data/functions/py/36.py:66","X:/UIUC/CS 598/ml4se/data/functions/py/36.py:70"
"X:/UIUC/CS 598/ml4se/data/functions/py/36.py","X:/UIUC/CS 598/ml4se/data/functions/py/36.py:67","X:/UIUC/CS 598/ml4se/data/functions/py/36.py:69","X:/UIUC/CS 598/ml4se/data/functions/py/36.py:70"
"X:/UIUC/CS 598/ml4se/data/functions/py/36.py","X:/UIUC/CS 598/ml4se/data/functions/py/36.py:67","X:/UIUC/CS 598/ml4se/data/functions/py/36.py:70","X:/UIUC/CS 598/ml4se/data/functions/py/36.py:70"
"X:/UIUC/CS 598/ml4se/data/functions/py/36.py","X:/UIUC/CS 598/ml4se/data/functions/py/36.py:75","X:/UIUC/CS 598/ml4se/data/functions/py/36.py:77","X:/UIUC/CS 598/ml4se/data/functions/py/36.py:77"
"X:/UIUC/CS 598/ml4se/data/functions/py/36.py","X:/UIUC/CS 598/ml4se/data/functions/py/36.py:108","X:/UIUC/CS 598/ml4se/data/functions/py/36.py:115","X:/UIUC/CS 598/ml4se/data/functions/py/36.py:115"
"X:/UIUC/CS 598/ml4se/data/functions/py/36.py","X:/UIUC/CS 598/ml4se/data/functions/py/36.py:108","X:/UIUC/CS 598/ml4se/data/functions/py/36.py:110","X:/UIUC/CS 598/ml4se/data/functions/py/36.py:115"
"X:/UIUC/CS 598/ml4se/data/functions/py/36.py","X:/UIUC/CS 598/ml4se/data/functions/py/36.py:111","X:/UIUC/CS 598/ml4se/data/functions/py/36.py:113","X:/UIUC/CS 598/ml4se/data/functions/py/36.py:113"