"X:/UIUC/CS 598/ml4se/data/functions/py/64.py","X:/UIUC/CS 598/ml4se/data/functions/py/64.py:6","X:/UIUC/CS 598/ml4se/data/functions/py/64.py:7"
"X:/UIUC/CS 598/ml4se/data/functions/py/69.py","X:/UIUC/CS 598/ml4se/data/functions/py/69.py:25","X:/UIUC/CS 598/ml4se/data/functions/py/69.py:31"
"X:/UIUC/CS 598/ml4se/data/functions/py/69.py","X:/UIUC/CS 598/ml4se/data/functions/py/69.py:27","X:/UIUC/CS 598/ml4se/data/functions/py/69.py:27"
"X:/UIUC/CS 598/ml4se/data/functions/py/48.py","X:/UIUC/CS 598/ml4se/data/functions/py/48.py:34","X:/UIUC/CS 598/ml4se/data/functions/py/48.py:41"
"X:/UIUC/CS 598/ml4se/data/functions/py/48.py","X:/UIUC/CS 598/ml4se/data/functions/py/48.py:51","X:/UIUC/CS 598/ml4se/data/functions/py/48.py:51"
"X:/UIUC/CS 598/ml4se/data/functions/py/48.py","X:/UIUC/CS 598/ml4se/data/functions/py/48.py:29","X:/UIUC/CS 598/ml4se/data/functions/py/48.py:29"
"X:/UIUC/CS 598/ml4se/data/functions/py/48.py","X:/UIUC/CS 598/ml4se/data/functions/py/48.py:37","X:/UIUC/CS 598/ml4se/data/functions/py/48.py:37"
"X:/UIUC/CS 598/ml4se/data/functions/py/7.py","X:/UIUC/CS 598/ml4se/data/functions/py/7.py:21","X:/UIUC/CS 598/ml4se/data/functions/py/7.py:24"
"X:/UIUC/CS 598/ml4se/data/functions/py/6.py","X:/UIUC/CS 598/ml4se/data/functions/py/6.py:7","X:/UIUC/CS 598/ml4se/data/functions/py/6.py:7"
"X:/UIUC/CS 598/ml4se/data/functions/py/100.py","X:/UIUC/CS 598/ml4se/data/functions/py/100.py:114","X:/UIUC/CS 598/ml4se/data/functions/py/100.py:120"
"X:/UIUC/CS 598/ml4se/data/functions/py/100.py","X:/UIUC/CS 598/ml4se/data/functions/py/100.py:117","X:/UIUC/CS 598/ml4se/data/functions/py/100.py:120"
"X:/UIUC/CS 598/ml4se/data/functions/py/100.py","X:/UIUC/CS 598/ml4se/data/functions/py/100.py:123","X:/UIUC/CS 598/ml4se/data/functions/py/100.py:129"
"X:/UIUC/CS 598/ml4se/data/functions/py/100.py","X:/UIUC/CS 598/ml4se/data/functions/py/100.py:126","X:/UIUC/CS 598/ml4se/data/functions/py/100.py:129"
"X:/UIUC/CS 598/ml4se/data/functions/py/100.py","X:/UIUC/CS 598/ml4se/data/functions/py/100.py:132","X:/UIUC/CS 598/ml4se/data/functions/py/100.py:138"
"X:/UIUC/CS 598/ml4se/data/functions/py/100.py","X:/UIUC/CS 598/ml4se/data/functions/py/100.py:135","X:/UIUC/CS 598/ml4se/data/functions/py/100.py:138"
"X:/UIUC/CS 598/ml4se/data/functions/py/100.py","X:/UIUC/CS 598/ml4se/data/functions/py/100.py:141","X:/UIUC/CS 598/ml4se/data/functions/py/100.py:147"
"X:/UIUC/CS 598/ml4se/data/functions/py/100.py","X:/UIUC/CS 598/ml4se/data/functions/py/100.py:144","X:/UIUC/CS 598/ml4se/data/functions/py/100.py:147"
"X:/UIUC/CS 598/ml4se/data/functions/py/100.py","X:/UIUC/CS 598/ml4se/data/functions/py/100.py:151","X:/UIUC/CS 598/ml4se/data/functions/py/100.py:172"
"X:/UIUC/CS 598/ml4se/data/functions/py/100.py","X:/UIUC/CS 598/ml4se/data/functions/py/100.py:160","X:/UIUC/CS 598/ml4se/data/functions/py/100.py:172"
"X:/UIUC/CS 598/ml4se/data/functions/py/100.py","X:/UIUC/CS 598/ml4se/data/functions/py/100.py:169","X:/UIUC/CS 598/ml4se/data/functions/py/100.py:172"
"X:/UIUC/CS 598/ml4se/data/functions/py/100.py","X:/UIUC/CS 598/ml4se/data/functions/py/100.py:178","X:/UIUC/CS 598/ml4se/data/functions/py/100.py:196"
"X:/UIUC/CS 598/ml4se/data/functions/py/100.py","X:/UIUC/CS 598/ml4se/data/functions/py/100.py:183","X:/UIUC/CS 598/ml4se/data/functions/py/100.py:196"
"X:/UIUC/CS 598/ml4se/data/functions/py/100.py","X:/UIUC/CS 598/ml4se/data/functions/py/100.py:193","X:/UIUC/CS 598/ml4se/data/functions/py/100.py:196"
"X:/UIUC/CS 598/ml4se/data/functions/py/100.py","X:/UIUC/CS 598/ml4se/data/functions/py/100.py:177","X:/UIUC/CS 598/ml4se/data/functions/py/100.py:196"
"X:/UIUC/CS 598/ml4se/data/functions/py/100.py","X:/UIUC/CS 598/ml4se/data/functions/py/100.py:201","X:/UIUC/CS 598/ml4se/data/functions/py/100.py:235"
"X:/UIUC/CS 598/ml4se/data/functions/py/100.py","X:/UIUC/CS 598/ml4se/data/functions/py/100.py:209","X:/UIUC/CS 598/ml4se/data/functions/py/100.py:235"
"X:/UIUC/CS 598/ml4se/data/functions/py/100.py","X:/UIUC/CS 598/ml4se/data/functions/py/100.py:223","X:/UIUC/CS 598/ml4se/data/functions/py/100.py:235"
"X:/UIUC/CS 598/ml4se/data/functions/py/28.py","X:/UIUC/CS 598/ml4se/data/functions/py/28.py:24","X:/UIUC/CS 598/ml4se/data/functions/py/28.py:24"
"X:/UIUC/CS 598/ml4se/data/functions/py/60.py","X:/UIUC/CS 598/ml4se/data/functions/py/60.py:5","X:/UIUC/CS 598/ml4se/data/functions/py/60.py:5"
"X:/UIUC/CS 598/ml4se/data/functions/py/40.py","X:/UIUC/CS 598/ml4se/data/functions/py/40.py:12","X:/UIUC/CS 598/ml4se/data/functions/py/40.py:12"
"X:/UIUC/CS 598/ml4se/data/functions/py/58.py","X:/UIUC/CS 598/ml4se/data/functions/py/58.py:12","X:/UIUC/CS 598/ml4se/data/functions/py/58.py:14"
"X:/UIUC/CS 598/ml4se/data/functions/py/82.py","X:/UIUC/CS 598/ml4se/data/functions/py/82.py:43","X:/UIUC/CS 598/ml4se/data/functions/py/82.py:48"
"X:/UIUC/CS 598/ml4se/data/functions/py/82.py","X:/UIUC/CS 598/ml4se/data/functions/py/82.py:64","X:/UIUC/CS 598/ml4se/data/functions/py/82.py:64"
"X:/UIUC/CS 598/ml4se/data/functions/py/82.py","X:/UIUC/CS 598/ml4se/data/functions/py/82.py:84","X:/UIUC/CS 598/ml4se/data/functions/py/82.py:100"
"X:/UIUC/CS 598/ml4se/data/functions/py/82.py","X:/UIUC/CS 598/ml4se/data/functions/py/82.py:22","X:/UIUC/CS 598/ml4se/data/functions/py/82.py:22"
"X:/UIUC/CS 598/ml4se/data/functions/py/82.py","X:/UIUC/CS 598/ml4se/data/functions/py/82.py:54","X:/UIUC/CS 598/ml4se/data/functions/py/82.py:60"
"X:/UIUC/CS 598/ml4se/data/functions/py/82.py","X:/UIUC/CS 598/ml4se/data/functions/py/82.py:68","X:/UIUC/CS 598/ml4se/data/functions/py/82.py:68"
"X:/UIUC/CS 598/ml4se/data/functions/py/82.py","X:/UIUC/CS 598/ml4se/data/functions/py/82.py:75","X:/UIUC/CS 598/ml4se/data/functions/py/82.py:75"
"X:/UIUC/CS 598/ml4se/data/functions/py/22.py","X:/UIUC/CS 598/ml4se/data/functions/py/22.py:23","X:/UIUC/CS 598/ml4se/data/functions/py/22.py:23"
"X:/UIUC/CS 598/ml4se/data/functions/py/56.py","X:/UIUC/CS 598/ml4se/data/functions/py/56.py:8","X:/UIUC/CS 598/ml4se/data/functions/py/56.py:9"
"X:/UIUC/CS 598/ml4se/data/functions/py/74.py","X:/UIUC/CS 598/ml4se/data/functions/py/74.py:33","X:/UIUC/CS 598/ml4se/data/functions/py/74.py:33"
"X:/UIUC/CS 598/ml4se/data/functions/py/74.py","X:/UIUC/CS 598/ml4se/data/functions/py/74.py:37","X:/UIUC/CS 598/ml4se/data/functions/py/74.py:37"
"X:/UIUC/CS 598/ml4se/data/functions/py/74.py","X:/UIUC/CS 598/ml4se/data/functions/py/74.py:39","X:/UIUC/CS 598/ml4se/data/functions/py/74.py:39"
"X:/UIUC/CS 598/ml4se/data/functions/py/74.py","X:/UIUC/CS 598/ml4se/data/functions/py/74.py:40","X:/UIUC/CS 598/ml4se/data/functions/py/74.py:40"
"X:/UIUC/CS 598/ml4se/data/functions/py/30.py","X:/UIUC/CS 598/ml4se/data/functions/py/30.py:21","X:/UIUC/CS 598/ml4se/data/functions/py/30.py:21"
"X:/UIUC/CS 598/ml4se/data/functions/py/21.py","X:/UIUC/CS 598/ml4se/data/functions/py/21.py:7","X:/UIUC/CS 598/ml4se/data/functions/py/21.py:7"
"X:/UIUC/CS 598/ml4se/data/functions/py/27.py","X:/UIUC/CS 598/ml4se/data/functions/py/27.py:7","X:/UIUC/CS 598/ml4se/data/functions/py/27.py:7"
"X:/UIUC/CS 598/ml4se/data/functions/py/27.py","X:/UIUC/CS 598/ml4se/data/functions/py/27.py:22","X:/UIUC/CS 598/ml4se/data/functions/py/27.py:22"
"X:/UIUC/CS 598/ml4se/data/functions/py/83.py","X:/UIUC/CS 598/ml4se/data/functions/py/83.py:32","X:/UIUC/CS 598/ml4se/data/functions/py/83.py:52"
"X:/UIUC/CS 598/ml4se/data/functions/py/83.py","X:/UIUC/CS 598/ml4se/data/functions/py/83.py:38","X:/UIUC/CS 598/ml4se/data/functions/py/83.py:52"
"X:/UIUC/CS 598/ml4se/data/functions/py/83.py","X:/UIUC/CS 598/ml4se/data/functions/py/83.py:48","X:/UIUC/CS 598/ml4se/data/functions/py/83.py:52"
"X:/UIUC/CS 598/ml4se/data/functions/py/66.py","X:/UIUC/CS 598/ml4se/data/functions/py/66.py:13","X:/UIUC/CS 598/ml4se/data/functions/py/66.py:13"
"X:/UIUC/CS 598/ml4se/data/functions/py/66.py","X:/UIUC/CS 598/ml4se/data/functions/py/66.py:16","X:/UIUC/CS 598/ml4se/data/functions/py/66.py:18"
"X:/UIUC/CS 598/ml4se/data/functions/py/72.py","X:/UIUC/CS 598/ml4se/data/functions/py/72.py:4","X:/UIUC/CS 598/ml4se/data/functions/py/72.py:5"
"X:/UIUC/CS 598/ml4se/data/functions/py/61.py","X:/UIUC/CS 598/ml4se/data/functions/py/61.py:6","X:/UIUC/CS 598/ml4se/data/functions/py/61.py:11"
"X:/UIUC/CS 598/ml4se/data/functions/py/10.py","X:/UIUC/CS 598/ml4se/data/functions/py/10.py:27","X:/UIUC/CS 598/ml4se/data/functions/py/10.py:40"
"X:/UIUC/CS 598/ml4se/data/functions/py/10.py","X:/UIUC/CS 598/ml4se/data/functions/py/10.py:35","X:/UIUC/CS 598/ml4se/data/functions/py/10.py:35"
"X:/UIUC/CS 598/ml4se/data/functions/py/10.py","X:/UIUC/CS 598/ml4se/data/functions/py/10.py:37","X:/UIUC/CS 598/ml4se/data/functions/py/10.py:37"
"X:/UIUC/CS 598/ml4se/data/functions/py/10.py","X:/UIUC/CS 598/ml4se/data/functions/py/10.py:17","X:/UIUC/CS 598/ml4se/data/functions/py/10.py:18"
"X:/UIUC/CS 598/ml4se/data/functions/py/10.py","X:/UIUC/CS 598/ml4se/data/functions/py/10.py:29","X:/UIUC/CS 598/ml4se/data/functions/py/10.py:29"
"X:/UIUC/CS 598/ml4se/data/functions/py/12.py","X:/UIUC/CS 598/ml4se/data/functions/py/12.py:5","X:/UIUC/CS 598/ml4se/data/functions/py/12.py:5"
"X:/UIUC/CS 598/ml4se/data/functions/py/14.py","X:/UIUC/CS 598/ml4se/data/functions/py/14.py:21","X:/UIUC/CS 598/ml4se/data/functions/py/14.py:26"
"X:/UIUC/CS 598/ml4se/data/functions/py/18.py","X:/UIUC/CS 598/ml4se/data/functions/py/18.py:15","X:/UIUC/CS 598/ml4se/data/functions/py/18.py:21"
"X:/UIUC/CS 598/ml4se/data/functions/py/18.py","X:/UIUC/CS 598/ml4se/data/functions/py/18.py:17","X:/UIUC/CS 598/ml4se/data/functions/py/18.py:21"
"X:/UIUC/CS 598/ml4se/data/functions/py/18.py","X:/UIUC/CS 598/ml4se/data/functions/py/18.py:19","X:/UIUC/CS 598/ml4se/data/functions/py/18.py:21"
"X:/UIUC/CS 598/ml4se/data/functions/py/68.py","X:/UIUC/CS 598/ml4se/data/functions/py/68.py:27","X:/UIUC/CS 598/ml4se/data/functions/py/68.py:31"
"X:/UIUC/CS 598/ml4se/data/functions/py/68.py","X:/UIUC/CS 598/ml4se/data/functions/py/68.py:34","X:/UIUC/CS 598/ml4se/data/functions/py/68.py:34"
"X:/UIUC/CS 598/ml4se/data/functions/py/52.py","X:/UIUC/CS 598/ml4se/data/functions/py/52.py:20","X:/UIUC/CS 598/ml4se/data/functions/py/52.py:35"
"X:/UIUC/CS 598/ml4se/data/functions/py/52.py","X:/UIUC/CS 598/ml4se/data/functions/py/52.py:29","X:/UIUC/CS 598/ml4se/data/functions/py/52.py:34"
"X:/UIUC/CS 598/ml4se/data/functions/py/52.py","X:/UIUC/CS 598/ml4se/data/functions/py/52.py:27","X:/UIUC/CS 598/ml4se/data/functions/py/52.py:34"
"X:/UIUC/CS 598/ml4se/data/functions/py/37.py","X:/UIUC/CS 598/ml4se/data/functions/py/37.py:9","X:/UIUC/CS 598/ml4se/data/functions/py/37.py:9"
"X:/UIUC/CS 598/ml4se/data/functions/py/37.py","X:/UIUC/CS 598/ml4se/data/functions/py/37.py:16","X:/UIUC/CS 598/ml4se/data/functions/py/37.py:17"
"X:/UIUC/CS 598/ml4se/data/functions/py/59.py","X:/UIUC/CS 598/ml4se/data/functions/py/59.py:5","X:/UIUC/CS 598/ml4se/data/functions/py/59.py:5"
"X:/UIUC/CS 598/ml4se/data/functions/py/55.py","X:/UIUC/CS 598/ml4se/data/functions/py/55.py:17","X:/UIUC/CS 598/ml4se/data/functions/py/55.py:19"
"X:/UIUC/CS 598/ml4se/data/functions/py/67.py","X:/UIUC/CS 598/ml4se/data/functions/py/67.py:16","X:/UIUC/CS 598/ml4se/data/functions/py/67.py:16"
"X:/UIUC/CS 598/ml4se/data/functions/py/46.py","X:/UIUC/CS 598/ml4se/data/functions/py/46.py:6","X:/UIUC/CS 598/ml4se/data/functions/py/46.py:6"
"X:/UIUC/CS 598/ml4se/data/functions/py/46.py","X:/UIUC/CS 598/ml4se/data/functions/py/46.py:10","X:/UIUC/CS 598/ml4se/data/functions/py/46.py:18"
"X:/UIUC/CS 598/ml4se/data/functions/py/46.py","X:/UIUC/CS 598/ml4se/data/functions/py/46.py:12","X:/UIUC/CS 598/ml4se/data/functions/py/46.py:12"
"X:/UIUC/CS 598/ml4se/data/functions/py/46.py","X:/UIUC/CS 598/ml4se/data/functions/py/46.py:17","X:/UIUC/CS 598/ml4se/data/functions/py/46.py:17"
"X:/UIUC/CS 598/ml4se/data/functions/py/23.py","X:/UIUC/CS 598/ml4se/data/functions/py/23.py:28","X:/UIUC/CS 598/ml4se/data/functions/py/23.py:34"
"X:/UIUC/CS 598/ml4se/data/functions/py/54.py","X:/UIUC/CS 598/ml4se/data/functions/py/54.py:33","X:/UIUC/CS 598/ml4se/data/functions/py/54.py:33"
"X:/UIUC/CS 598/ml4se/data/functions/py/54.py","X:/UIUC/CS 598/ml4se/data/functions/py/54.py:37","X:/UIUC/CS 598/ml4se/data/functions/py/54.py:37"
"X:/UIUC/CS 598/ml4se/data/functions/py/54.py","X:/UIUC/CS 598/ml4se/data/functions/py/54.py:39","X:/UIUC/CS 598/ml4se/data/functions/py/54.py:39"
"X:/UIUC/CS 598/ml4se/data/functions/py/54.py","X:/UIUC/CS 598/ml4se/data/functions/py/54.py:40","X:/UIUC/CS 598/ml4se/data/functions/py/54.py:40"
"X:/UIUC/CS 598/ml4se/data/functions/py/84.py","X:/UIUC/CS 598/ml4se/data/functions/py/84.py:4","X:/UIUC/CS 598/ml4se/data/functions/py/84.py:4"
"X:/UIUC/CS 598/ml4se/data/functions/py/84.py","X:/UIUC/CS 598/ml4se/data/functions/py/84.py:7","X:/UIUC/CS 598/ml4se/data/functions/py/84.py:7"
"X:/UIUC/CS 598/ml4se/data/functions/py/4.py","X:/UIUC/CS 598/ml4se/data/functions/py/4.py:6","X:/UIUC/CS 598/ml4se/data/functions/py/4.py:6"
"X:/UIUC/CS 598/ml4se/data/functions/py/4.py","X:/UIUC/CS 598/ml4se/data/functions/py/4.py:15","X:/UIUC/CS 598/ml4se/data/functions/py/4.py:17"
"X:/UIUC/CS 598/ml4se/data/functions/py/4.py","X:/UIUC/CS 598/ml4se/data/functions/py/4.py:17","X:/UIUC/CS 598/ml4se/data/functions/py/4.py:17"
"X:/UIUC/CS 598/ml4se/data/functions/py/77.py","X:/UIUC/CS 598/ml4se/data/functions/py/77.py:19","X:/UIUC/CS 598/ml4se/data/functions/py/77.py:22"
"X:/UIUC/CS 598/ml4se/data/functions/py/90.py","X:/UIUC/CS 598/ml4se/data/functions/py/90.py:18","X:/UIUC/CS 598/ml4se/data/functions/py/90.py:18"
"X:/UIUC/CS 598/ml4se/data/functions/py/90.py","X:/UIUC/CS 598/ml4se/data/functions/py/90.py:22","X:/UIUC/CS 598/ml4se/data/functions/py/90.py:26"
"X:/UIUC/CS 598/ml4se/data/functions/py/90.py","X:/UIUC/CS 598/ml4se/data/functions/py/90.py:26","X:/UIUC/CS 598/ml4se/data/functions/py/90.py:26"
"X:/UIUC/CS 598/ml4se/data/functions/py/90.py","X:/UIUC/CS 598/ml4se/data/functions/py/90.py:24","X:/UIUC/CS 598/ml4se/data/functions/py/90.py:26"
"X:/UIUC/CS 598/ml4se/data/functions/py/44.py","X:/UIUC/CS 598/ml4se/data/functions/py/44.py:17","X:/UIUC/CS 598/ml4se/data/functions/py/44.py:37"
"X:/UIUC/CS 598/ml4se/data/functions/py/11.py","X:/UIUC/CS 598/ml4se/data/functions/py/11.py:27","X:/UIUC/CS 598/ml4se/data/functions/py/11.py:29"
"X:/UIUC/CS 598/ml4se/data/functions/py/11.py","X:/UIUC/CS 598/ml4se/data/functions/py/11.py:35","X:/UIUC/CS 598/ml4se/data/functions/py/11.py:35"
"X:/UIUC/CS 598/ml4se/data/functions/py/11.py","X:/UIUC/CS 598/ml4se/data/functions/py/11.py:9","X:/UIUC/CS 598/ml4se/data/functions/py/11.py:9"
"X:/UIUC/CS 598/ml4se/data/functions/py/11.py","X:/UIUC/CS 598/ml4se/data/functions/py/11.py:22","X:/UIUC/CS 598/ml4se/data/functions/py/11.py:22"
"X:/UIUC/CS 598/ml4se/data/functions/py/11.py","X:/UIUC/CS 598/ml4se/data/functions/py/11.py:26","X:/UIUC/CS 598/ml4se/data/functions/py/11.py:35"
"X:/UIUC/CS 598/ml4se/data/functions/py/15.py","X:/UIUC/CS 598/ml4se/data/functions/py/15.py:32","X:/UIUC/CS 598/ml4se/data/functions/py/15.py:34"
"X:/UIUC/CS 598/ml4se/data/functions/py/15.py","X:/UIUC/CS 598/ml4se/data/functions/py/15.py:34","X:/UIUC/CS 598/ml4se/data/functions/py/15.py:34"
"X:/UIUC/CS 598/ml4se/data/functions/py/15.py","X:/UIUC/CS 598/ml4se/data/functions/py/15.py:37","X:/UIUC/CS 598/ml4se/data/functions/py/15.py:37"
"X:/UIUC/CS 598/ml4se/data/functions/py/19.py","X:/UIUC/CS 598/ml4se/data/functions/py/19.py:29","X:/UIUC/CS 598/ml4se/data/functions/py/19.py:29"
"X:/UIUC/CS 598/ml4se/data/functions/py/19.py","X:/UIUC/CS 598/ml4se/data/functions/py/19.py:31","X:/UIUC/CS 598/ml4se/data/functions/py/19.py:31"
"X:/UIUC/CS 598/ml4se/data/functions/py/19.py","X:/UIUC/CS 598/ml4se/data/functions/py/19.py:35","X:/UIUC/CS 598/ml4se/data/functions/py/19.py:35"
"X:/UIUC/CS 598/ml4se/data/functions/py/19.py","X:/UIUC/CS 598/ml4se/data/functions/py/19.py:40","X:/UIUC/CS 598/ml4se/data/functions/py/19.py:40"
"X:/UIUC/CS 598/ml4se/data/functions/py/19.py","X:/UIUC/CS 598/ml4se/data/functions/py/19.py:43","X:/UIUC/CS 598/ml4se/data/functions/py/19.py:45"
"X:/UIUC/CS 598/ml4se/data/functions/py/19.py","X:/UIUC/CS 598/ml4se/data/functions/py/19.py:50","X:/UIUC/CS 598/ml4se/data/functions/py/19.py:50"
"X:/UIUC/CS 598/ml4se/data/functions/py/24.py","X:/UIUC/CS 598/ml4se/data/functions/py/24.py:11","X:/UIUC/CS 598/ml4se/data/functions/py/24.py:11"
"X:/UIUC/CS 598/ml4se/data/functions/py/24.py","X:/UIUC/CS 598/ml4se/data/functions/py/24.py:20","X:/UIUC/CS 598/ml4se/data/functions/py/24.py:20"
"X:/UIUC/CS 598/ml4se/data/functions/py/24.py","X:/UIUC/CS 598/ml4se/data/functions/py/24.py:18","X:/UIUC/CS 598/ml4se/data/functions/py/24.py:18"
"X:/UIUC/CS 598/ml4se/data/functions/py/45.py","X:/UIUC/CS 598/ml4se/data/functions/py/45.py:339","X:/UIUC/CS 598/ml4se/data/functions/py/45.py:339"
"X:/UIUC/CS 598/ml4se/data/functions/py/45.py","X:/UIUC/CS 598/ml4se/data/functions/py/45.py:443","X:/UIUC/CS 598/ml4se/data/functions/py/45.py:445"
"X:/UIUC/CS 598/ml4se/data/functions/py/45.py","X:/UIUC/CS 598/ml4se/data/functions/py/45.py:457","X:/UIUC/CS 598/ml4se/data/functions/py/45.py:459"
"X:/UIUC/CS 598/ml4se/data/functions/py/45.py","X:/UIUC/CS 598/ml4se/data/functions/py/45.py:489","X:/UIUC/CS 598/ml4se/data/functions/py/45.py:501"
"X:/UIUC/CS 598/ml4se/data/functions/py/45.py","X:/UIUC/CS 598/ml4se/data/functions/py/45.py:15","X:/UIUC/CS 598/ml4se/data/functions/py/45.py:39"
"X:/UIUC/CS 598/ml4se/data/functions/py/45.py","X:/UIUC/CS 598/ml4se/data/functions/py/45.py:21","X:/UIUC/CS 598/ml4se/data/functions/py/45.py:23"
"X:/UIUC/CS 598/ml4se/data/functions/py/45.py","X:/UIUC/CS 598/ml4se/data/functions/py/45.py:23","X:/UIUC/CS 598/ml4se/data/functions/py/45.py:23"
"X:/UIUC/CS 598/ml4se/data/functions/py/45.py","X:/UIUC/CS 598/ml4se/data/functions/py/45.py:29","X:/UIUC/CS 598/ml4se/data/functions/py/45.py:29"
"X:/UIUC/CS 598/ml4se/data/functions/py/45.py","X:/UIUC/CS 598/ml4se/data/functions/py/45.py:343","X:/UIUC/CS 598/ml4se/data/functions/py/45.py:343"
"X:/UIUC/CS 598/ml4se/data/functions/py/45.py","X:/UIUC/CS 598/ml4se/data/functions/py/45.py:347","X:/UIUC/CS 598/ml4se/data/functions/py/45.py:347"
"X:/UIUC/CS 598/ml4se/data/functions/py/45.py","X:/UIUC/CS 598/ml4se/data/functions/py/45.py:393","X:/UIUC/CS 598/ml4se/data/functions/py/45.py:393"
"X:/UIUC/CS 598/ml4se/data/functions/py/45.py","X:/UIUC/CS 598/ml4se/data/functions/py/45.py:471","X:/UIUC/CS 598/ml4se/data/functions/py/45.py:471"
"X:/UIUC/CS 598/ml4se/data/functions/py/45.py","X:/UIUC/CS 598/ml4se/data/functions/py/45.py:483","X:/UIUC/CS 598/ml4se/data/functions/py/45.py:483"
"X:/UIUC/CS 598/ml4se/data/functions/py/45.py","X:/UIUC/CS 598/ml4se/data/functions/py/45.py:501","X:/UIUC/CS 598/ml4se/data/functions/py/45.py:501"
"X:/UIUC/CS 598/ml4se/data/functions/py/20.py","X:/UIUC/CS 598/ml4se/data/functions/py/20.py:14","X:/UIUC/CS 598/ml4se/data/functions/py/20.py:16"
"X:/UIUC/CS 598/ml4se/data/functions/py/29.py","X:/UIUC/CS 598/ml4se/data/functions/py/29.py:3","X:/UIUC/CS 598/ml4se/data/functions/py/29.py:4"
"X:/UIUC/CS 598/ml4se/data/functions/py/29.py","X:/UIUC/CS 598/ml4se/data/functions/py/29.py:6","X:/UIUC/CS 598/ml4se/data/functions/py/29.py:6"
"X:/UIUC/CS 598/ml4se/data/functions/py/5.py","X:/UIUC/CS 598/ml4se/data/functions/py/5.py:40","X:/UIUC/CS 598/ml4se/data/functions/py/5.py:47"
"X:/UIUC/CS 598/ml4se/data/functions/py/5.py","X:/UIUC/CS 598/ml4se/data/functions/py/5.py:43","X:/UIUC/CS 598/ml4se/data/functions/py/5.py:47"
"X:/UIUC/CS 598/ml4se/data/functions/py/5.py","X:/UIUC/CS 598/ml4se/data/functions/py/5.py:47","X:/UIUC/CS 598/ml4se/data/functions/py/5.py:47"
"X:/UIUC/CS 598/ml4se/data/functions/py/5.py","X:/UIUC/CS 598/ml4se/data/functions/py/5.py:51","X:/UIUC/CS 598/ml4se/data/functions/py/5.py:51"
"X:/UIUC/CS 598/ml4se/data/functions/py/5.py","X:/UIUC/CS 598/ml4se/data/functions/py/5.py:57","X:/UIUC/CS 598/ml4se/data/functions/py/5.py:66"
"X:/UIUC/CS 598/ml4se/data/functions/py/5.py","X:/UIUC/CS 598/ml4se/data/functions/py/5.py:60","X:/UIUC/CS 598/ml4se/data/functions/py/5.py:66"
"X:/UIUC/CS 598/ml4se/data/functions/py/5.py","X:/UIUC/CS 598/ml4se/data/functions/py/5.py:63","X:/UIUC/CS 598/ml4se/data/functions/py/5.py:66"
"X:/UIUC/CS 598/ml4se/data/functions/py/47.py","X:/UIUC/CS 598/ml4se/data/functions/py/47.py:18","X:/UIUC/CS 598/ml4se/data/functions/py/47.py:18"
"X:/UIUC/CS 598/ml4se/data/functions/py/47.py","X:/UIUC/CS 598/ml4se/data/functions/py/47.py:23","X:/UIUC/CS 598/ml4se/data/functions/py/47.py:26"
"X:/UIUC/CS 598/ml4se/data/functions/py/33.py","X:/UIUC/CS 598/ml4se/data/functions/py/33.py:58","X:/UIUC/CS 598/ml4se/data/functions/py/33.py:58"
"X:/UIUC/CS 598/ml4se/data/functions/py/96.py","X:/UIUC/CS 598/ml4se/data/functions/py/96.py:48","X:/UIUC/CS 598/ml4se/data/functions/py/96.py:48"
"X:/UIUC/CS 598/ml4se/data/functions/py/96.py","X:/UIUC/CS 598/ml4se/data/functions/py/96.py:52","X:/UIUC/CS 598/ml4se/data/functions/py/96.py:52"
"X:/UIUC/CS 598/ml4se/data/functions/py/96.py","X:/UIUC/CS 598/ml4se/data/functions/py/96.py:60","X:/UIUC/CS 598/ml4se/data/functions/py/96.py:61"
"X:/UIUC/CS 598/ml4se/data/functions/py/96.py","X:/UIUC/CS 598/ml4se/data/functions/py/96.py:69","X:/UIUC/CS 598/ml4se/data/functions/py/96.py:69"
"X:/UIUC/CS 598/ml4se/data/functions/py/96.py","X:/UIUC/CS 598/ml4se/data/functions/py/96.py:84","X:/UIUC/CS 598/ml4se/data/functions/py/96.py:84"
"X:/UIUC/CS 598/ml4se/data/functions/py/96.py","X:/UIUC/CS 598/ml4se/data/functions/py/96.py:94","X:/UIUC/CS 598/ml4se/data/functions/py/96.py:94"
"X:/UIUC/CS 598/ml4se/data/functions/py/96.py","X:/UIUC/CS 598/ml4se/data/functions/py/96.py:42","X:/UIUC/CS 598/ml4se/data/functions/py/96.py:42"
"X:/UIUC/CS 598/ml4se/data/functions/py/96.py","X:/UIUC/CS 598/ml4se/data/functions/py/96.py:65","X:/UIUC/CS 598/ml4se/data/functions/py/96.py:65"
"X:/UIUC/CS 598/ml4se/data/functions/py/96.py","X:/UIUC/CS 598/ml4se/data/functions/py/96.py:81","X:/UIUC/CS 598/ml4se/data/functions/py/96.py:81"
"X:/UIUC/CS 598/ml4se/data/functions/py/96.py","X:/UIUC/CS 598/ml4se/data/functions/py/96.py:96","X:/UIUC/CS 598/ml4se/data/functions/py/96.py:96"
"X:/UIUC/CS 598/ml4se/data/functions/py/50.py","X:/UIUC/CS 598/ml4se/data/functions/py/50.py:18","X:/UIUC/CS 598/ml4se/data/functions/py/50.py:24"
"X:/UIUC/CS 598/ml4se/data/functions/py/73.py","X:/UIUC/CS 598/ml4se/data/functions/py/73.py:18","X:/UIUC/CS 598/ml4se/data/functions/py/73.py:20"
"X:/UIUC/CS 598/ml4se/data/functions/py/73.py","X:/UIUC/CS 598/ml4se/data/functions/py/73.py:9","X:/UIUC/CS 598/ml4se/data/functions/py/73.py:22"
"X:/UIUC/CS 598/ml4se/data/functions/py/73.py","X:/UIUC/CS 598/ml4se/data/functions/py/73.py:14","X:/UIUC/CS 598/ml4se/data/functions/py/73.py:22"
"X:/UIUC/CS 598/ml4se/data/functions/py/73.py","X:/UIUC/CS 598/ml4se/data/functions/py/73.py:15","X:/UIUC/CS 598/ml4se/data/functions/py/73.py:15"
"X:/UIUC/CS 598/ml4se/data/functions/py/31.py","X:/UIUC/CS 598/ml4se/data/functions/py/31.py:27","X:/UIUC/CS 598/ml4se/data/functions/py/31.py:27"
"X:/UIUC/CS 598/ml4se/data/functions/py/31.py","X:/UIUC/CS 598/ml4se/data/functions/py/31.py:29","X:/UIUC/CS 598/ml4se/data/functions/py/31.py:29"
"X:/UIUC/CS 598/ml4se/data/functions/py/31.py","X:/UIUC/CS 598/ml4se/data/functions/py/31.py:37","X:/UIUC/CS 598/ml4se/data/functions/py/31.py:37"
"X:/UIUC/CS 598/ml4se/data/functions/py/3.py","X:/UIUC/CS 598/ml4se/data/functions/py/3.py:18","X:/UIUC/CS 598/ml4se/data/functions/py/3.py:26"
"X:/UIUC/CS 598/ml4se/data/functions/py/3.py","X:/UIUC/CS 598/ml4se/data/functions/py/3.py:23","X:/UIUC/CS 598/ml4se/data/functions/py/3.py:25"
"X:/UIUC/CS 598/ml4se/data/functions/py/3.py","X:/UIUC/CS 598/ml4se/data/functions/py/3.py:29","X:/UIUC/CS 598/ml4se/data/functions/py/3.py:29"
"X:/UIUC/CS 598/ml4se/data/functions/py/39.py","X:/UIUC/CS 598/ml4se/data/functions/py/39.py:20","X:/UIUC/CS 598/ml4se/data/functions/py/39.py:23"
"X:/UIUC/CS 598/ml4se/data/functions/py/92.py","X:/UIUC/CS 598/ml4se/data/functions/py/92.py:14","X:/UIUC/CS 598/ml4se/data/functions/py/92.py:14"
"X:/UIUC/CS 598/ml4se/data/functions/py/92.py","X:/UIUC/CS 598/ml4se/data/functions/py/92.py:9","X:/UIUC/CS 598/ml4se/data/functions/py/92.py:9"
"X:/UIUC/CS 598/ml4se/data/functions/py/41.py","X:/UIUC/CS 598/ml4se/data/functions/py/41.py:5","X:/UIUC/CS 598/ml4se/data/functions/py/41.py:6"
"X:/UIUC/CS 598/ml4se/data/functions/py/88.py","X:/UIUC/CS 598/ml4se/data/functions/py/88.py:9","X:/UIUC/CS 598/ml4se/data/functions/py/88.py:9"
"X:/UIUC/CS 598/ml4se/data/functions/py/88.py","X:/UIUC/CS 598/ml4se/data/functions/py/88.py:12","X:/UIUC/CS 598/ml4se/data/functions/py/88.py:13"
"X:/UIUC/CS 598/ml4se/data/functions/py/93.py","X:/UIUC/CS 598/ml4se/data/functions/py/93.py:22","X:/UIUC/CS 598/ml4se/data/functions/py/93.py:22"
"X:/UIUC/CS 598/ml4se/data/functions/py/93.py","X:/UIUC/CS 598/ml4se/data/functions/py/93.py:25","X:/UIUC/CS 598/ml4se/data/functions/py/93.py:25"
"X:/UIUC/CS 598/ml4se/data/functions/py/93.py","X:/UIUC/CS 598/ml4se/data/functions/py/93.py:19","X:/UIUC/CS 598/ml4se/data/functions/py/93.py:19"
"X:/UIUC/CS 598/ml4se/data/functions/py/70.py","X:/UIUC/CS 598/ml4se/data/functions/py/70.py:9","X:/UIUC/CS 598/ml4se/data/functions/py/70.py:9"
"X:/UIUC/CS 598/ml4se/data/functions/py/26.py","X:/UIUC/CS 598/ml4se/data/functions/py/26.py:4","X:/UIUC/CS 598/ml4se/data/functions/py/26.py:4"
"X:/UIUC/CS 598/ml4se/data/functions/py/42.py","X:/UIUC/CS 598/ml4se/data/functions/py/42.py:39","X:/UIUC/CS 598/ml4se/data/functions/py/42.py:40"
"X:/UIUC/CS 598/ml4se/data/functions/py/97.py","X:/UIUC/CS 598/ml4se/data/functions/py/97.py:19","X:/UIUC/CS 598/ml4se/data/functions/py/97.py:20"
"X:/UIUC/CS 598/ml4se/data/functions/py/97.py","X:/UIUC/CS 598/ml4se/data/functions/py/97.py:22","X:/UIUC/CS 598/ml4se/data/functions/py/97.py:22"
"X:/UIUC/CS 598/ml4se/data/functions/py/97.py","X:/UIUC/CS 598/ml4se/data/functions/py/97.py:26","X:/UIUC/CS 598/ml4se/data/functions/py/97.py:26"
"X:/UIUC/CS 598/ml4se/data/functions/py/97.py","X:/UIUC/CS 598/ml4se/data/functions/py/97.py:28","X:/UIUC/CS 598/ml4se/data/functions/py/97.py:28"
"X:/UIUC/CS 598/ml4se/data/functions/py/97.py","X:/UIUC/CS 598/ml4se/data/functions/py/97.py:30","X:/UIUC/CS 598/ml4se/data/functions/py/97.py:30"
"X:/UIUC/CS 598/ml4se/data/functions/py/97.py","X:/UIUC/CS 598/ml4se/data/functions/py/97.py:34","X:/UIUC/CS 598/ml4se/data/functions/py/97.py:36"
"X:/UIUC/CS 598/ml4se/data/functions/py/97.py","X:/UIUC/CS 598/ml4se/data/functions/py/97.py:42","X:/UIUC/CS 598/ml4se/data/functions/py/97.py:43"
"X:/UIUC/CS 598/ml4se/data/functions/py/97.py","X:/UIUC/CS 598/ml4se/data/functions/py/97.py:45","X:/UIUC/CS 598/ml4se/data/functions/py/97.py:45"
"X:/UIUC/CS 598/ml4se/data/functions/py/97.py","X:/UIUC/CS 598/ml4se/data/functions/py/97.py:56","X:/UIUC/CS 598/ml4se/data/functions/py/97.py:57"
"X:/UIUC/CS 598/ml4se/data/functions/py/97.py","X:/UIUC/CS 598/ml4se/data/functions/py/97.py:17","X:/UIUC/CS 598/ml4se/data/functions/py/97.py:22"
"X:/UIUC/CS 598/ml4se/data/functions/py/97.py","X:/UIUC/CS 598/ml4se/data/functions/py/97.py:33","X:/UIUC/CS 598/ml4se/data/functions/py/97.py:59"
"X:/UIUC/CS 598/ml4se/data/functions/py/97.py","X:/UIUC/CS 598/ml4se/data/functions/py/97.py:40","X:/UIUC/CS 598/ml4se/data/functions/py/97.py:43"
"X:/UIUC/CS 598/ml4se/data/functions/py/97.py","X:/UIUC/CS 598/ml4se/data/functions/py/97.py:54","X:/UIUC/CS 598/ml4se/data/functions/py/97.py:59"
"X:/UIUC/CS 598/ml4se/data/functions/py/97.py","X:/UIUC/CS 598/ml4se/data/functions/py/97.py:59","X:/UIUC/CS 598/ml4se/data/functions/py/97.py:59"
"X:/UIUC/CS 598/ml4se/data/functions/py/76.py","X:/UIUC/CS 598/ml4se/data/functions/py/76.py:8","X:/UIUC/CS 598/ml4se/data/functions/py/76.py:10"
"X:/UIUC/CS 598/ml4se/data/functions/py/76.py","X:/UIUC/CS 598/ml4se/data/functions/py/76.py:10","X:/UIUC/CS 598/ml4se/data/functions/py/76.py:10"
"X:/UIUC/CS 598/ml4se/data/functions/py/71.py","X:/UIUC/CS 598/ml4se/data/functions/py/71.py:10","X:/UIUC/CS 598/ml4se/data/functions/py/71.py:10"
"X:/UIUC/CS 598/ml4se/data/functions/py/71.py","X:/UIUC/CS 598/ml4se/data/functions/py/71.py:20","X:/UIUC/CS 598/ml4se/data/functions/py/71.py:20"
"X:/UIUC/CS 598/ml4se/data/functions/py/71.py","X:/UIUC/CS 598/ml4se/data/functions/py/71.py:26","X:/UIUC/CS 598/ml4se/data/functions/py/71.py:26"
"X:/UIUC/CS 598/ml4se/data/functions/py/57.py","X:/UIUC/CS 598/ml4se/data/functions/py/57.py:22","X:/UIUC/CS 598/ml4se/data/functions/py/57.py:27"
"X:/UIUC/CS 598/ml4se/data/functions/py/57.py","X:/UIUC/CS 598/ml4se/data/functions/py/57.py:37","X:/UIUC/CS 598/ml4se/data/functions/py/57.py:39"
"X:/UIUC/CS 598/ml4se/data/functions/py/57.py","X:/UIUC/CS 598/ml4se/data/functions/py/57.py:42","X:/UIUC/CS 598/ml4se/data/functions/py/57.py:44"
"X:/UIUC/CS 598/ml4se/data/functions/py/57.py","X:/UIUC/CS 598/ml4se/data/functions/py/57.py:60","X:/UIUC/CS 598/ml4se/data/functions/py/57.py:60"
"X:/UIUC/CS 598/ml4se/data/functions/py/57.py","X:/UIUC/CS 598/ml4se/data/functions/py/57.py:12","X:/UIUC/CS 598/ml4se/data/functions/py/57.py:18"
"X:/UIUC/CS 598/ml4se/data/functions/py/57.py","X:/UIUC/CS 598/ml4se/data/functions/py/57.py:18","X:/UIUC/CS 598/ml4se/data/functions/py/57.py:18"
"X:/UIUC/CS 598/ml4se/data/functions/py/57.py","X:/UIUC/CS 598/ml4se/data/functions/py/57.py:68","X:/UIUC/CS 598/ml4se/data/functions/py/57.py:68"
"X:/UIUC/CS 598/ml4se/data/functions/py/17.py","X:/UIUC/CS 598/ml4se/data/functions/py/17.py:22","X:/UIUC/CS 598/ml4se/data/functions/py/17.py:23"
"X:/UIUC/CS 598/ml4se/data/functions/py/17.py","X:/UIUC/CS 598/ml4se/data/functions/py/17.py:34","X:/UIUC/CS 598/ml4se/data/functions/py/17.py:34"
"X:/UIUC/CS 598/ml4se/data/functions/py/17.py","X:/UIUC/CS 598/ml4se/data/functions/py/17.py:27","X:/UIUC/CS 598/ml4se/data/functions/py/17.py:27"
"X:/UIUC/CS 598/ml4se/data/functions/py/17.py","X:/UIUC/CS 598/ml4se/data/functions/py/17.py:30","X:/UIUC/CS 598/ml4se/data/functions/py/17.py:30"
"X:/UIUC/CS 598/ml4se/data/functions/py/25.py","X:/UIUC/CS 598/ml4se/data/functions/py/25.py:29","X:/UIUC/CS 598/ml4se/data/functions/py/25.py:29"
"X:/UIUC/CS 598/ml4se/data/functions/py/25.py","X:/UIUC/CS 598/ml4se/data/functions/py/25.py:27","X:/UIUC/CS 598/ml4se/data/functions/py/25.py:29"
"X:/UIUC/CS 598/ml4se/data/functions/py/8.py","X:/UIUC/CS 598/ml4se/data/functions/py/8.py:11","X:/UIUC/CS 598/ml4se/data/functions/py/8.py:11"
"X:/UIUC/CS 598/ml4se/data/functions/py/8.py","X:/UIUC/CS 598/ml4se/data/functions/py/8.py:15","X:/UIUC/CS 598/ml4se/data/functions/py/8.py:15"
"X:/UIUC/CS 598/ml4se/data/functions/py/8.py","X:/UIUC/CS 598/ml4se/data/functions/py/8.py:6","X:/UIUC/CS 598/ml4se/data/functions/py/8.py:6"
"X:/UIUC/CS 598/ml4se/data/functions/py/8.py","X:/UIUC/CS 598/ml4se/data/functions/py/8.py:8","X:/UIUC/CS 598/ml4se/data/functions/py/8.py:8"
"X:/UIUC/CS 598/ml4se/data/functions/py/91.py","X:/UIUC/CS 598/ml4se/data/functions/py/91.py:24","X:/UIUC/CS 598/ml4se/data/functions/py/91.py:27"
"X:/UIUC/CS 598/ml4se/data/functions/py/79.py","X:/UIUC/CS 598/ml4se/data/functions/py/79.py:23","X:/UIUC/CS 598/ml4se/data/functions/py/79.py:24"
"X:/UIUC/CS 598/ml4se/data/functions/py/79.py","X:/UIUC/CS 598/ml4se/data/functions/py/79.py:27","X:/UIUC/CS 598/ml4se/data/functions/py/79.py:27"
"X:/UIUC/CS 598/ml4se/data/functions/py/79.py","X:/UIUC/CS 598/ml4se/data/functions/py/79.py:36","X:/UIUC/CS 598/ml4se/data/functions/py/79.py:37"
"X:/UIUC/CS 598/ml4se/data/functions/py/94.py","X:/UIUC/CS 598/ml4se/data/functions/py/94.py:35","X:/UIUC/CS 598/ml4se/data/functions/py/94.py:35"
"X:/UIUC/CS 598/ml4se/data/functions/py/94.py","X:/UIUC/CS 598/ml4se/data/functions/py/94.py:37","X:/UIUC/CS 598/ml4se/data/functions/py/94.py:37"
"X:/UIUC/CS 598/ml4se/data/functions/py/36.py","X:/UIUC/CS 598/ml4se/data/functions/py/36.py:52","X:/UIUC/CS 598/ml4se/data/functions/py/36.py:72"
"X:/UIUC/CS 598/ml4se/data/functions/py/36.py","X:/UIUC/CS 598/ml4se/data/functions/py/36.py:65","X:/UIUC/CS 598/ml4se/data/functions/py/36.py:70"
"X:/UIUC/CS 598/ml4se/data/functions/py/36.py","X:/UIUC/CS 598/ml4se/data/functions/py/36.py:67","X:/UIUC/CS 598/ml4se/data/functions/py/36.py:70"
"X:/UIUC/CS 598/ml4se/data/functions/py/36.py","X:/UIUC/CS 598/ml4se/data/functions/py/36.py:75","X:/UIUC/CS 598/ml4se/data/functions/py/36.py:77"
"X:/UIUC/CS 598/ml4se/data/functions/py/36.py","X:/UIUC/CS 598/ml4se/data/functions/py/36.py:108","X:/UIUC/CS 598/ml4se/data/functions/py/36.py:115"
"X:/UIUC/CS 598/ml4se/data/functions/py/36.py","X:/UIUC/CS 598/ml4se/data/functions/py/36.py:111","X:/UIUC/CS 598/ml4se/data/functions/py/36.py:113"
"X:/UIUC/CS 598/ml4se/data/functions/py/35.py","X:/UIUC/CS 598/ml4se/data/functions/py/35.py:42","X:/UIUC/CS 598/ml4se/data/functions/py/35.py:42"
"X:/UIUC/CS 598/ml4se/data/functions/py/35.py","X:/UIUC/CS 598/ml4se/data/functions/py/35.py:67","X:/UIUC/CS 598/ml4se/data/functions/py/35.py:67"
"X:/UIUC/CS 598/ml4se/data/functions/py/35.py","X:/UIUC/CS 598/ml4se/data/functions/py/35.py:15","X:/UIUC/CS 598/ml4se/data/functions/py/35.py:15"
"X:/UIUC/CS 598/ml4se/data/functions/py/35.py","X:/UIUC/CS 598/ml4se/data/functions/py/35.py:20","X:/UIUC/CS 598/ml4se/data/functions/py/35.py:20"
"X:/UIUC/CS 598/ml4se/data/functions/py/35.py","X:/UIUC/CS 598/ml4se/data/functions/py/35.py:57","X:/UIUC/CS 598/ml4se/data/functions/py/35.py:57"
"X:/UIUC/CS 598/ml4se/data/functions/py/35.py","X:/UIUC/CS 598/ml4se/data/functions/py/35.py:78","X:/UIUC/CS 598/ml4se/data/functions/py/35.py:79"